id,kind,ring,col,u,v,horn,dir_x,dir_y,dir_z
"R1,L001",vertex,1,0,0.000000,0.000000,true,0,1,0
"R1,L002",vertex,1,1,0.041667,0.000000,true,0,1,0
"R1,L003",vertex,1,2,0.083333,0.000000,true,0,1,0
"R1,L004",vertex,1,3,0.125000,0.000000,true,0,1,0
"R1,L005",vertex,1,4,0.166667,0.000000,true,0,1,0
"R1,L006",vertex,1,5,0.208333,0.000000,true,0,1,0
"R1,L007",vertex,1,6,0.250000,0.000000,true,0,1,0
"R1,L008",vertex,1,7,0.291667,0.000000,true,0,1,0
"R1,L009",vertex,1,8,0.333333,0.000000,true,0,1,0
"R1,L010",vertex,1,9,0.375000,0.000000,true,0,1,0
"R1,L011",vertex,1,10,0.416667,0.000000,true,0,1,0
"R1,L012",vertex,1,11,0.458333,0.000000,true,0,1,0
"R1,L013",vertex,1,12,0.500000,0.000000,true,0,1,0
"R1,L014",vertex,1,13,0.541667,0.000000,true,0,1,0
"R1,L015",vertex,1,14,0.583333,0.000000,true,0,1,0
"R1,L016",vertex,1,15,0.625000,0.000000,true,0,1,0
"R1,L017",vertex,1,16,0.666667,0.000000,true,0,1,0
"R1,L018",vertex,1,17,0.708333,0.000000,true,0,1,0
"R1,L019",vertex,1,18,0.750000,0.000000,true,0,1,0
"R1,L020",vertex,1,19,0.791667,0.000000,true,0,1,0
"R1,L021",vertex,1,20,0.833333,0.000000,true,0,1,0
"R1,L022",vertex,1,21,0.875000,0.000000,true,0,1,0
"R1,L023",vertex,1,22,0.916667,0.000000,true,0,1,0
"R1,L024",vertex,1,23,0.958333,0.000000,true,0,1,0
"R2,L025",vertex,2,0,0.000000,0.083333,false,-0.000000000,-0.965925826,-0.258819045
"R2,L026",vertex,2,1,0.041667,0.083333,false,-0.066987298,-0.965925826,-0.250000000
"R2,L027",vertex,2,2,0.083333,0.083333,false,-0.129409523,-0.965925826,-0.224143868
"R2,L028",vertex,2,3,0.125000,0.083333,false,-0.183012702,-0.965925826,-0.183012702
"R2,L029",vertex,2,4,0.166667,0.083333,false,-0.224143868,-0.965925826,-0.129409523
"R2,L030",vertex,2,5,0.208333,0.083333,false,-0.250000000,-0.965925826,-0.066987298
"R2,L031",vertex,2,6,0.250000,0.083333,false,-0.258819045,-0.965925826,0.000000000
"R2,L032",vertex,2,7,0.291667,0.083333,false,-0.250000000,-0.965925826,0.066987298
"R2,L033",vertex,2,8,0.333333,0.083333,false,-0.224143868,-0.965925826,0.129409523
"R2,L034",vertex,2,9,0.375000,0.083333,false,-0.183012702,-0.965925826,0.183012702
"R2,L035",vertex,2,10,0.416667,0.083333,false,-0.129409523,-0.965925826,0.224143868
"R2,L036",vertex,2,11,0.458333,0.083333,false,-0.066987298,-0.965925826,0.250000000
"R2,L037",vertex,2,12,0.500000,0.083333,false,0.000000000,-0.965925826,0.258819045
"R2,L038",vertex,2,13,0.541667,0.083333,false,0.066987298,-0.965925826,0.250000000
"R2,L039",vertex,2,14,0.583333,0.083333,false,0.129409523,-0.965925826,0.224143868
"R2,L040",vertex,2,15,0.625000,0.083333,false,0.183012702,-0.965925826,0.183012702
"R2,L041",vertex,2,16,0.666667,0.083333,false,0.224143868,-0.965925826,0.129409523
"R2,L042",vertex,2,17,0.708333,0.083333,false,0.250000000,-0.965925826,0.066987298
"R2,L043",vertex,2,18,0.750000,0.083333,false,0.258819045,-0.965925826,0.000000000
"R2,L044",vertex,2,19,0.791667,0.083333,false,0.250000000,-0.965925826,-0.066987298
"R2,L045",vertex,2,20,0.833333,0.083333,false,0.224143868,-0.965925826,-0.129409523
"R2,L046",vertex,2,21,0.875000,0.083333,false,0.183012702,-0.965925826,-0.183012702
"R2,L047",vertex,2,22,0.916667,0.083333,false,0.129409523,-0.965925826,-0.224143868
"R2,L048",vertex,2,23,0.958333,0.083333,false,0.066987298,-0.965925826,-0.250000000
"R3,L049",vertex,3,0,0.000000,0.166667,false,-0.000000000,-0.866025404,-0.500000000
"R3,L050",vertex,3,1,0.041667,0.166667,false,-0.129409523,-0.866025404,-0.482962913
"R3,L051",vertex,3,2,0.083333,0.166667,false,-0.250000000,-0.866025404,-0.433012702
"R3,L052",vertex,3,3,0.125000,0.166667,false,-0.353553391,-0.866025404,-0.353553391
"R3,L053",vertex,3,4,0.166667,0.166667,false,-0.433012702,-0.866025404,-0.250000000
"R3,L054",vertex,3,5,0.208333,0.166667,false,-0.482962913,-0.866025404,-0.129409523
"R3,L055",vertex,3,6,0.250000,0.166667,false,-0.500000000,-0.866025404,0.000000000
"R3,L056",vertex,3,7,0.291667,0.166667,false,-0.482962913,-0.866025404,0.129409523
"R3,L057",vertex,3,8,0.333333,0.166667,false,-0.433012702,-0.866025404,0.250000000
"R3,L058",vertex,3,9,0.375000,0.166667,false,-0.353553391,-0.866025404,0.353553391
"R3,L059",vertex,3,10,0.416667,0.166667,false,-0.250000000,-0.866025404,0.433012702
"R3,L060",vertex,3,11,0.458333,0.166667,false,-0.129409523,-0.866025404,0.482962913
"R3,L061",vertex,3,12,0.500000,0.166667,false,0.000000000,-0.866025404,0.500000000
"R3,L062",vertex,3,13,0.541667,0.166667,false,0.129409523,-0.866025404,0.482962913
"R3,L063",vertex,3,14,0.583333,0.166667,false,0.250000000,-0.866025404,0.433012702
"R3,L064",vertex,3,15,0.625000,0.166667,false,0.353553391,-0.866025404,0.353553391
"R3,L065",vertex,3,16,0.666667,0.166667,false,0.433012702,-0.866025404,0.250000000
"R3,L066",vertex,3,17,0.708333,0.166667,false,0.482962913,-0.866025404,0.129409523
"R3,L067",vertex,3,18,0.750000,0.166667,false,0.500000000,-0.866025404,0.000000000
"R3,L068",vertex,3,19,0.791667,0.166667,false,0.482962913,-0.866025404,-0.129409523
"R3,L069",vertex,3,20,0.833333,0.166667,false,0.433012702,-0.866025404,-0.250000000
"R3,L070",vertex,3,21,0.875000,0.166667,false,0.353553391,-0.866025404,-0.353553391
"R3,L071",vertex,3,22,0.916667,0.166667,false,0.250000000,-0.866025404,-0.433012702
"R3,L072",vertex,3,23,0.958333,0.166667,false,0.129409523,-0.866025404,-0.482962913
"R4,L073",vertex,4,0,0.000000,0.250000,false,-0.000000000,-0.707106781,-0.707106781
"R4,L074",vertex,4,1,0.041667,0.250000,false,-0.183012702,-0.707106781,-0.683012702
"R4,L075",vertex,4,2,0.083333,0.250000,false,-0.353553391,-0.707106781,-0.612372436
"R4,L076",vertex,4,3,0.125000,0.250000,false,-0.500000000,-0.707106781,-0.500000000
"R4,L077",vertex,4,4,0.166667,0.250000,false,-0.612372436,-0.707106781,-0.353553391
"R4,L078",vertex,4,5,0.208333,0.250000,false,-0.683012702,-0.707106781,-0.183012702
"R4,L079",vertex,4,6,0.250000,0.250000,false,-0.707106781,-0.707106781,0.000000000
"R4,L080",vertex,4,7,0.291667,0.250000,false,-0.683012702,-0.707106781,0.183012702
"R4,L081",vertex,4,8,0.333333,0.250000,false,-0.612372436,-0.707106781,0.353553391
"R4,L082",vertex,4,9,0.375000,0.250000,false,-0.500000000,-0.707106781,0.500000000
"R4,L083",vertex,4,10,0.416667,0.250000,false,-0.353553391,-0.707106781,0.612372436
"R4,L084",vertex,4,11,0.458333,0.250000,false,-0.183012702,-0.707106781,0.683012702
"R4,L085",vertex,4,12,0.500000,0.250000,false,0.000000000,-0.707106781,0.707106781
"R4,L086",vertex,4,13,0.541667,0.250000,false,0.183012702,-0.707106781,0.683012702
"R4,L087",vertex,4,14,0.583333,0.250000,false,0.353553391,-0.707106781,0.612372436
"R4,L088",vertex,4,15,0.625000,0.250000,false,0.500000000,-0.707106781,0.500000000
"R4,L089",vertex,4,16,0.666667,0.250000,false,0.612372436,-0.707106781,0.353553391
"R4,L090",vertex,4,17,0.708333,0.250000,false,0.683012702,-0.707106781,0.183012702
"R4,L091",vertex,4,18,0.750000,0.250000,false,0.707106781,-0.707106781,0.000000000
"R4,L092",vertex,4,19,0.791667,0.250000,false,0.683012702,-0.707106781,-0.183012702
"R4,L093",vertex,4,20,0.833333,0.250000,false,0.612372436,-0.707106781,-0.353553391
"R4,L094",vertex,4,21,0.875000,0.250000,false,0.500000000,-0.707106781,-0.500000000
"R4,L095",vertex,4,22,0.916667,0.250000,false,0.353553391,-0.707106781,-0.612372436
"R4,L096",vertex,4,23,0.958333,0.250000,false,0.183012702,-0.707106781,-0.683012702
"R5,L097",vertex,5,0,0.000000,0.333333,false,-0.000000000,-0.500000000,-0.866025404
"R5,L098",vertex,5,1,0.041667,0.333333,false,-0.224143868,-0.500000000,-0.836516304
"R5,L099",vertex,5,2,0.083333,0.333333,false,-0.433012702,-0.500000000,-0.750000000
"R5,L100",vertex,5,3,0.125000,0.333333,false,-0.612372436,-0.500000000,-0.612372436
"R5,L101",vertex,5,4,0.166667,0.333333,false,-0.750000000,-0.500000000,-0.433012702
"R5,L102",vertex,5,5,0.208333,0.333333,false,-0.836516304,-0.500000000,-0.224143868
"R5,L103",vertex,5,6,0.250000,0.333333,false,-0.866025404,-0.500000000,0.000000000
"R5,L104",vertex,5,7,0.291667,0.333333,false,-0.836516304,-0.500000000,0.224143868
"R5,L105",vertex,5,8,0.333333,0.333333,false,-0.750000000,-0.500000000,0.433012702
"R5,L106",vertex,5,9,0.375000,0.333333,false,-0.612372436,-0.500000000,0.612372436
"R5,L107",vertex,5,10,0.416667,0.333333,false,-0.433012702,-0.500000000,0.750000000
"R5,L108",vertex,5,11,0.458333,0.333333,false,-0.224143868,-0.500000000,0.836516304
"R5,L109",vertex,5,12,0.500000,0.333333,false,0.000000000,-0.500000000,0.866025404
"R5,L110",vertex,5,13,0.541667,0.333333,false,0.224143868,-0.500000000,0.836516304
"R5,L111",vertex,5,14,0.583333,0.333333,false,0.433012702,-0.500000000,0.750000000
"R5,L112",vertex,5,15,0.625000,0.333333,false,0.612372436,-0.500000000,0.612372436
"R5,L113",vertex,5,16,0.666667,0.333333,false,0.750000000,-0.500000000,0.433012702
"R5,L114",vertex,5,17,0.708333,0.333333,false,0.836516304,-0.500000000,0.224143868
"R5,L115",vertex,5,18,0.750000,0.333333,false,0.866025404,-0.500000000,0.000000000
"R5,L116",vertex,5,19,0.791667,0.333333,false,0.836516304,-0.500000000,-0.224143868
"R5,L117",vertex,5,20,0.833333,0.333333,false,0.750000000,-0.500000000,-0.433012702
"R5,L118",vertex,5,21,0.875000,0.333333,false,0.612372436,-0.500000000,-0.612372436
"R5,L119",vertex,5,22,0.916667,0.333333,false,0.433012702,-0.500000000,-0.750000000
"R5,L120",vertex,5,23,0.958333,0.333333,false,0.224143868,-0.500000000,-0.836516304
"R6,L121",vertex,6,0,0.000000,0.416667,false,-0.000000000,-0.258819045,-0.965925826
"R6,L122",vertex,6,1,0.041667,0.416667,false,-0.250000000,-0.258819045,-0.933012702
"R6,L123",vertex,6,2,0.083333,0.416667,false,-0.482962913,-0.258819045,-0.836516304
"R6,L124",vertex,6,3,0.125000,0.416667,false,-0.683012702,-0.258819045,-0.683012702
"R6,L125",vertex,6,4,0.166667,0.416667,false,-0.836516304,-0.258819045,-0.482962913
"R6,L126",vertex,6,5,0.208333,0.416667,false,-0.933012702,-0.258819045,-0.250000000
"R6,L127",vertex,6,6,0.250000,0.416667,false,-0.965925826,-0.258819045,0.000000000
"R6,L128",vertex,6,7,0.291667,0.416667,false,-0.933012702,-0.258819045,0.250000000
"R6,L129",vertex,6,8,0.333333,0.416667,false,-0.836516304,-0.258819045,0.482962913
"R6,L130",vertex,6,9,0.375000,0.416667,false,-0.683012702,-0.258819045,0.683012702
"R6,L131",vertex,6,10,0.416667,0.416667,false,-0.482962913,-0.258819045,0.836516304
"R6,L132",vertex,6,11,0.458333,0.416667,false,-0.250000000,-0.258819045,0.933012702
"R6,L133",vertex,6,12,0.500000,0.416667,false,0.000000000,-0.258819045,0.965925826
"R6,L134",vertex,6,13,0.541667,0.416667,false,0.250000000,-0.258819045,0.933012702
"R6,L135",vertex,6,14,0.583333,0.416667,false,0.482962913,-0.258819045,0.836516304
"R6,L136",vertex,6,15,0.625000,0.416667,false,0.683012702,-0.258819045,0.683012702
"R6,L137",vertex,6,16,0.666667,0.416667,false,0.836516304,-0.258819045,0.482962913
"R6,L138",vertex,6,17,0.708333,0.416667,false,0.933012702,-0.258819045,0.250000000
"R6,L139",vertex,6,18,0.750000,0.416667,false,0.965925826,-0.258819045,0.000000000
"R6,L140",vertex,6,19,0.791667,0.416667,false,0.933012702,-0.258819045,-0.250000000
"R6,L141",vertex,6,20,0.833333,0.416667,false,0.836516304,-0.258819045,-0.482962913
"R6,L142",vertex,6,21,0.875000,0.416667,false,0.683012702,-0.258819045,-0.683012702
"R6,L143",vertex,6,22,0.916667,0.416667,false,0.482962913,-0.258819045,-0.836516304
"R6,L144",vertex,6,23,0.958333,0.416667,false,0.250000000,-0.258819045,-0.933012702
"R7,L145",vertex,7,0,0.000000,0.500000,false,-0.000000000,-0.000000000,-1.000000000
"R7,L146",vertex,7,1,0.041667,0.500000,false,-0.258819045,-0.000000000,-0.965925826
"R7,L147",vertex,7,2,0.083333,0.500000,false,-0.500000000,-0.000000000,-0.866025404
"R7,L148",vertex,7,3,0.125000,0.500000,false,-0.707106781,-0.000000000,-0.707106781
"R7,L149",vertex,7,4,0.166667,0.500000,false,-0.866025404,-0.000000000,-0.500000000
"R7,L150",vertex,7,5,0.208333,0.500000,false,-0.965925826,-0.000000000,-0.258819045
"R7,L151",vertex,7,6,0.250000,0.500000,false,-1.000000000,-0.000000000,0.000000000
"R7,L152",vertex,7,7,0.291667,0.500000,false,-0.965925826,-0.000000000,0.258819045
"R7,L153",vertex,7,8,0.333333,0.500000,false,-0.866025404,-0.000000000,0.500000000
"R7,L154",vertex,7,9,0.375000,0.500000,false,-0.707106781,-0.000000000,0.707106781
"R7,L155",vertex,7,10,0.416667,0.500000,false,-0.500000000,-0.000000000,0.866025404
"R7,L156",vertex,7,11,0.458333,0.500000,false,-0.258819045,-0.000000000,0.965925826
"R7,L157",vertex,7,12,0.500000,0.500000,false,0.000000000,-0.000000000,1.000000000
"R7,L158",vertex,7,13,0.541667,0.500000,false,0.258819045,-0.000000000,0.965925826
"R7,L159",vertex,7,14,0.583333,0.500000,false,0.500000000,-0.000000000,0.866025404
"R7,L160",vertex,7,15,0.625000,0.500000,false,0.707106781,-0.000000000,0.707106781
"R7,L161",vertex,7,16,0.666667,0.500000,false,0.866025404,-0.000000000,0.500000000
"R7,L162",vertex,7,17,0.708333,0.500000,false,0.965925826,-0.000000000,0.258819045
"R7,L163",vertex,7,18,0.750000,0.500000,false,1.000000000,-0.000000000,0.000000000
"R7,L164",vertex,7,19,0.791667,0.500000,false,0.965925826,-0.000000000,-0.258819045
"R7,L165",vertex,7,20,0.833333,0.500000,false,0.866025404,-0.000000000,-0.500000000
"R7,L166",vertex,7,21,0.875000,0.500000,false,0.707106781,-0.000000000,-0.707106781
"R7,L167",vertex,7,22,0.916667,0.500000,false,0.500000000,-0.000000000,-0.866025404
"R7,L168",vertex,7,23,0.958333,0.500000,false,0.258819045,-0.000000000,-0.965925826
"R8,L169",vertex,8,0,0.000000,0.583333,false,-0.000000000,0.258819045,-0.965925826
"R8,L170",vertex,8,1,0.041667,0.583333,false,-0.250000000,0.258819045,-0.933012702
"R8,L171",vertex,8,2,0.083333,0.583333,false,-0.482962913,0.258819045,-0.836516304
"R8,L172",vertex,8,3,0.125000,0.583333,false,-0.683012702,0.258819045,-0.683012702
"R8,L173",vertex,8,4,0.166667,0.583333,false,-0.836516304,0.258819045,-0.482962913
"R8,L174",vertex,8,5,0.208333,0.583333,false,-0.933012702,0.258819045,-0.250000000
"R8,L175",vertex,8,6,0.250000,0.583333,false,-0.965925826,0.258819045,0.000000000
"R8,L176",vertex,8,7,0.291667,0.583333,false,-0.933012702,0.258819045,0.250000000
"R8,L177",vertex,8,8,0.333333,0.583333,false,-0.836516304,0.258819045,0.482962913
"R8,L178",vertex,8,9,0.375000,0.583333,false,-0.683012702,0.258819045,0.683012702
"R8,L179",vertex,8,10,0.416667,0.583333,false,-0.482962913,0.258819045,0.836516304
"R8,L180",vertex,8,11,0.458333,0.583333,false,-0.250000000,0.258819045,0.933012702
"R8,L181",vertex,8,12,0.500000,0.583333,false,0.000000000,0.258819045,0.965925826
"R8,L182",vertex,8,13,0.541667,0.583333,false,0.250000000,0.258819045,0.933012702
"R8,L183",vertex,8,14,0.583333,0.583333,false,0.482962913,0.258819045,0.836516304
"R8,L184",vertex,8,15,0.625000,0.583333,false,0.683012702,0.258819045,0.683012702
"R8,L185",vertex,8,16,0.666667,0.583333,false,0.836516304,0.258819045,0.482962913
"R8,L186",vertex,8,17,0.708333,0.583333,false,0.933012702,0.258819045,0.250000000
"R8,L187",vertex,8,18,0.750000,0.583333,false,0.965925826,0.258819045,0.000000000
"R8,L188",vertex,8,19,0.791667,0.583333,false,0.933012702,0.258819045,-0.250000000
"R8,L189",vertex,8,20,0.833333,0.583333,false,0.836516304,0.258819045,-0.482962913
"R8,L190",vertex,8,21,0.875000,0.583333,false,0.683012702,0.258819045,-0.683012702
"R8,L191",vertex,8,22,0.916667,0.583333,false,0.482962913,0.258819045,-0.836516304
"R8,L192",vertex,8,23,0.958333,0.583333,false,0.250000000,0.258819045,-0.933012702
"R9,L193",vertex,9,0,0.000000,0.666667,false,-0.000000000,0.500000000,-0.866025404
"R9,L194",vertex,9,1,0.041667,0.666667,false,-0.224143868,0.500000000,-0.836516304
"R9,L195",vertex,9,2,0.083333,0.666667,false,-0.433012702,0.500000000,-0.750000000
"R9,L196",vertex,9,3,0.125000,0.666667,false,-0.612372436,0.500000000,-0.612372436
"R9,L197",vertex,9,4,0.166667,0.666667,false,-0.750000000,0.500000000,-0.433012702
"R9,L198",vertex,9,5,0.208333,0.666667,false,-0.836516304,0.500000000,-0.224143868
"R9,L199",vertex,9,6,0.250000,0.666667,false,-0.866025404,0.500000000,0.000000000
"R9,L200",vertex,9,7,0.291667,0.666667,false,-0.836516304,0.500000000,0.224143868
"R9,L201",vertex,9,8,0.333333,0.666667,false,-0.750000000,0.500000000,0.433012702
"R9,L202",vertex,9,9,0.375000,0.666667,false,-0.612372436,0.500000000,0.612372436
"R9,L203",vertex,9,10,0.416667,0.666667,false,-0.433012702,0.500000000,0.750000000
"R9,L204",vertex,9,11,0.458333,0.666667,false,-0.224143868,0.500000000,0.836516304
"R9,L205",vertex,9,12,0.500000,0.666667,false,0.000000000,0.500000000,0.866025404
"R9,L206",vertex,9,13,0.541667,0.666667,false,0.224143868,0.500000000,0.836516304
"R9,L207",vertex,9,14,0.583333,0.666667,false,0.433012702,0.500000000,0.750000000
"R9,L208",vertex,9,15,0.625000,0.666667,false,0.612372436,0.500000000,0.612372436
"R9,L209",vertex,9,16,0.666667,0.666667,false,0.750000000,0.500000000,0.433012702
"R9,L210",vertex,9,17,0.708333,0.666667,false,0.836516304,0.500000000,0.224143868
"R9,L211",vertex,9,18,0.750000,0.666667,false,0.866025404,0.500000000,0.000000000
"R9,L212",vertex,9,19,0.791667,0.666667,false,0.836516304,0.500000000,-0.224143868
"R9,L213",vertex,9,20,0.833333,0.666667,false,0.750000000,0.500000000,-0.433012702
"R9,L214",vertex,9,21,0.875000,0.666667,false,0.612372436,0.500000000,-0.612372436
"R9,L215",vertex,9,22,0.916667,0.666667,false,0.433012702,0.500000000,-0.750000000
"R9,L216",vertex,9,23,0.958333,0.666667,false,0.224143868,0.500000000,-0.836516304
"R10,L217",vertex,10,0,0.000000,0.750000,false,-0.000000000,0.707106781,-0.707106781
"R10,L218",vertex,10,1,0.041667,0.750000,false,-0.183012702,0.707106781,-0.683012702
"R10,L219",vertex,10,2,0.083333,0.750000,false,-0.353553391,0.707106781,-0.612372436
"R10,L220",vertex,10,3,0.125000,0.750000,false,-0.500000000,0.707106781,-0.500000000
"R10,L221",vertex,10,4,0.166667,0.750000,false,-0.612372436,0.707106781,-0.353553391
"R10,L222",vertex,10,5,0.208333,0.750000,false,-0.683012702,0.707106781,-0.183012702
"R10,L223",vertex,10,6,0.250000,0.750000,false,-0.707106781,0.707106781,0.000000000
"R10,L224",vertex,10,7,0.291667,0.750000,false,-0.683012702,0.707106781,0.183012702
"R10,L225",vertex,10,8,0.333333,0.750000,false,-0.612372436,0.707106781,0.353553391
"R10,L226",vertex,10,9,0.375000,0.750000,false,-0.500000000,0.707106781,0.500000000
"R10,L227",vertex,10,10,0.416667,0.750000,false,-0.353553391,0.707106781,0.612372436
"R10,L228",vertex,10,11,0.458333,0.750000,false,-0.183012702,0.707106781,0.683012702
"R10,L229",vertex,10,12,0.500000,0.750000,false,0.000000000,0.707106781,0.707106781
"R10,L230",vertex,10,13,0.541667,0.750000,false,0.183012702,0.707106781,0.683012702
"R10,L231",vertex,10,14,0.583333,0.750000,false,0.353553391,0.707106781,0.612372436
"R10,L232",vertex,10,15,0.625000,0.750000,false,0.500000000,0.707106781,0.500000000
"R10,L233",vertex,10,16,0.666667,0.750000,false,0.612372436,0.707106781,0.353553391
"R10,L234",vertex,10,17,0.708333,0.750000,false,0.683012702,0.707106781,0.183012702
"R10,L235",vertex,10,18,0.750000,0.750000,false,0.707106781,0.707106781,0.000000000
"R10,L236",vertex,10,19,0.791667,0.750000,false,0.683012702,0.707106781,-0.183012702
"R10,L237",vertex,10,20,0.833333,0.750000,false,0.612372436,0.707106781,-0.353553391
"R10,L238",vertex,10,21,0.875000,0.750000,false,0.500000000,0.707106781,-0.500000000
"R10,L239",vertex,10,22,0.916667,0.750000,false,0.353553391,0.707106781,-0.612372436
"R10,L240",vertex,10,23,0.958333,0.750000,false,0.183012702,0.707106781,-0.683012702
"R11,L241",vertex,11,0,0.000000,0.833333,false,-0.000000000,0.866025404,-0.500000000
"R11,L242",vertex,11,1,0.041667,0.833333,false,-0.129409523,0.866025404,-0.482962913
"R11,L243",vertex,11,2,0.083333,0.833333,false,-0.250000000,0.866025404,-0.433012702
"R11,L244",vertex,11,3,0.125000,0.833333,false,-0.353553391,0.866025404,-0.353553391
"R11,L245",vertex,11,4,0.166667,0.833333,false,-0.433012702,0.866025404,-0.250000000
"R11,L246",vertex,11,5,0.208333,0.833333,false,-0.482962913,0.866025404,-0.129409523
"R11,L247",vertex,11,6,0.250000,0.833333,false,-0.500000000,0.866025404,0.000000000
"R11,L248",vertex,11,7,0.291667,0.833333,false,-0.482962913,0.866025404,0.129409523
"R11,L249",vertex,11,8,0.333333,0.833333,false,-0.433012702,0.866025404,0.250000000
"R11,L250",vertex,11,9,0.375000,0.833333,false,-0.353553391,0.866025404,0.353553391
"R11,L251",vertex,11,10,0.416667,0.833333,false,-0.250000000,0.866025404,0.433012702
"R11,L252",vertex,11,11,0.458333,0.833333,false,-0.129409523,0.866025404,0.482962913
"R11,L253",vertex,11,12,0.500000,0.833333,false,0.000000000,0.866025404,0.500000000
"R11,L254",vertex,11,13,0.541667,0.833333,false,0.129409523,0.866025404,0.482962913
"R11,L255",vertex,11,14,0.583333,0.833333,false,0.250000000,0.866025404,0.433012702
"R11,L256",vertex,11,15,0.625000,0.833333,false,0.353553391,0.866025404,0.353553391
"R11,L257",vertex,11,16,0.666667,0.833333,false,0.433012702,0.866025404,0.250000000
"R11,L258",vertex,11,17,0.708333,0.833333,false,0.482962913,0.866025404,0.129409523
"R11,L259",vertex,11,18,0.750000,0.833333,false,0.500000000,0.866025404,0.000000000
"R11,L260",vertex,11,19,0.791667,0.833333,false,0.482962913,0.866025404,-0.129409523
"R11,L261",vertex,11,20,0.833333,0.833333,false,0.433012702,0.866025404,-0.250000000
"R11,L262",vertex,11,21,0.875000,0.833333,false,0.353553391,0.866025404,-0.353553391
"R11,L263",vertex,11,22,0.916667,0.833333,false,0.250000000,0.866025404,-0.433012702
"R11,L264",vertex,11,23,0.958333,0.833333,false,0.129409523,0.866025404,-0.482962913
"R12,L265",vertex,12,0,0.000000,0.916667,false,-0.000000000,0.965925826,-0.258819045
"R12,L266",vertex,12,1,0.041667,0.916667,false,-0.066987298,0.965925826,-0.250000000
"R12,L267",vertex,12,2,0.083333,0.916667,false,-0.129409523,0.965925826,-0.224143868
"R12,L268",vertex,12,3,0.125000,0.916667,false,-0.183012702,0.965925826,-0.183012702
"R12,L269",vertex,12,4,0.166667,0.916667,false,-0.224143868,0.965925826,-0.129409523
"R12,L270",vertex,12,5,0.208333,0.916667,false,-0.250000000,0.965925826,-0.066987298
"R12,L271",vertex,12,6,0.250000,0.916667,false,-0.258819045,0.965925826,0.000000000
"R12,L272",vertex,12,7,0.291667,0.916667,false,-0.250000000,0.965925826,0.066987298
"R12,L273",vertex,12,8,0.333333,0.916667,false,-0.224143868,0.965925826,0.129409523
"R12,L274",vertex,12,9,0.375000,0.916667,false,-0.183012702,0.965925826,0.183012702
"R12,L275",vertex,12,10,0.416667,0.916667,false,-0.129409523,0.965925826,0.224143868
"R12,L276",vertex,12,11,0.458333,0.916667,false,-0.066987298,0.965925826,0.250000000
"R12,L277",vertex,12,12,0.500000,0.916667,false,0.000000000,0.965925826,0.258819045
"R12,L278",vertex,12,13,0.541667,0.916667,false,0.066987298,0.965925826,0.250000000
"R12,L279",vertex,12,14,0.583333,0.916667,false,0.129409523,0.965925826,0.224143868
"R12,L280",vertex,12,15,0.625000,0.916667,false,0.183012702,0.965925826,0.183012702
"R12,L281",vertex,12,16,0.666667,0.916667,false,0.224143868,0.965925826,0.129409523
"R12,L282",vertex,12,17,0.708333,0.916667,false,0.250000000,0.965925826,0.066987298
"R12,L283",vertex,12,18,0.750000,0.916667,false,0.258819045,0.965925826,0.000000000
"R12,L284",vertex,12,19,0.791667,0.916667,false,0.250000000,0.965925826,-0.066987298
"R12,L285",vertex,12,20,0.833333,0.916667,false,0.224143868,0.965925826,-0.129409523
"R12,L286",vertex,12,21,0.875000,0.916667,false,0.183012702,0.965925826,-0.183012702
"R12,L287",vertex,12,22,0.916667,0.916667,false,0.129409523,0.965925826,-0.224143868
"R12,L288",vertex,12,23,0.958333,0.916667,false,0.066987298,0.965925826,-0.250000000
"FR1,L001",centre,1,0,0.020833,0.041667,false,-0.017037087,-0.991444861,-0.129409523
"FR1,L002",centre,1,1,0.062500,0.041667,false,-0.049950211,-0.991444861,-0.120590477
"FR1,L003",centre,1,2,0.104167,0.041667,false,-0.079459311,-0.991444861,-0.103553391
"FR1,L004",centre,1,3,0.145833,0.041667,false,-0.103553391,-0.991444861,-0.079459311
"FR1,L005",centre,1,4,0.187500,0.041667,false,-0.120590477,-0.991444861,-0.049950211
"FR1,L006",centre,1,5,0.229167,0.041667,false,-0.129409523,-0.991444861,-0.017037087
"FR1,L007",centre,1,6,0.270833,0.041667,false,-0.129409523,-0.991444861,0.017037087
"FR1,L008",centre,1,7,0.312500,0.041667,false,-0.120590477,-0.991444861,0.049950211
"FR1,L009",centre,1,8,0.354167,0.041667,false,-0.103553391,-0.991444861,0.079459311
"FR1,L010",centre,1,9,0.395833,0.041667,false,-0.079459311,-0.991444861,0.103553391
"FR1,L011",centre,1,10,0.437500,0.041667,false,-0.049950211,-0.991444861,0.120590477
"FR1,L012",centre,1,11,0.479167,0.041667,false,-0.017037087,-0.991444861,0.129409523
"FR1,L013",centre,1,12,0.520833,0.041667,false,0.017037087,-0.991444861,0.129409523
"FR1,L014",centre,1,13,0.562500,0.041667,false,0.049950211,-0.991444861,0.120590477
"FR1,L015",centre,1,14,0.604167,0.041667,false,0.079459311,-0.991444861,0.103553391
"FR1,L016",centre,1,15,0.645833,0.041667,false,0.103553391,-0.991444861,0.079459311
"FR1,L017",centre,1,16,0.687500,0.041667,false,0.120590477,-0.991444861,0.049950211
"FR1,L018",centre,1,17,0.729167,0.041667,false,0.129409523,-0.991444861,0.017037087
"FR1,L019",centre,1,18,0.770833,0.041667,false,0.129409523,-0.991444861,-0.017037087
"FR1,L020",centre,1,19,0.812500,0.041667,false,0.120590477,-0.991444861,-0.049950211
"FR1,L021",centre,1,20,0.854167,0.041667,false,0.103553391,-0.991444861,-0.079459311
"FR1,L022",centre,1,21,0.895833,0.041667,false,0.079459311,-0.991444861,-0.103553391
"FR1,L023",centre,1,22,0.937500,0.041667,false,0.049950211,-0.991444861,-0.120590477
"FR1,L024",centre,1,23,0.979167,0.041667,false,0.017037087,-0.991444861,-0.129409523
"FR2,L025",centre,2,0,0.020833,0.125000,false,-0.049950211,-0.923879533,-0.379409523
"FR2,L026",centre,2,1,0.062500,0.125000,false,-0.146446609,-0.923879533,-0.353553391
"FR2,L027",centre,2,2,0.104167,0.125000,false,-0.232962913,-0.923879533,-0.303603179
"FR2,L028",centre,2,3,0.145833,0.125000,false,-0.303603179,-0.923879533,-0.232962913
"FR2,L029",centre,2,4,0.187500,0.125000,false,-0.353553391,-0.923879533,-0.146446609
"FR2,L030",centre,2,5,0.229167,0.125000,false,-0.379409523,-0.923879533,-0.049950211
"FR2,L031",centre,2,6,0.270833,0.125000,false,-0.379409523,-0.923879533,0.049950211
"FR2,L032",centre,2,7,0.312500,0.125000,false,-0.353553391,-0.923879533,0.146446609
"FR2,L033",centre,2,8,0.354167,0.125000,false,-0.303603179,-0.923879533,0.232962913
"FR2,L034",centre,2,9,0.395833,0.125000,false,-0.232962913,-0.923879533,0.303603179
"FR2,L035",centre,2,10,0.437500,0.125000,false,-0.146446609,-0.923879533,0.353553391
"FR2,L036",centre,2,11,0.479167,0.125000,false,-0.049950211,-0.923879533,0.379409523
"FR2,L037",centre,2,12,0.520833,0.125000,false,0.049950211,-0.923879533,0.379409523
"FR2,L038",centre,2,13,0.562500,0.125000,false,0.146446609,-0.923879533,0.353553391
"FR2,L039",centre,2,14,0.604167,0.125000,false,0.232962913,-0.923879533,0.303603179
"FR2,L040",centre,2,15,0.645833,0.125000,false,0.303603179,-0.923879533,0.232962913
"FR2,L041",centre,2,16,0.687500,0.125000,false,0.353553391,-0.923879533,0.146446609
"FR2,L042",centre,2,17,0.729167,0.125000,false,0.379409523,-0.923879533,0.049950211
"FR2,L043",centre,2,18,0.770833,0.125000,false,0.379409523,-0.923879533,-0.049950211
"FR2,L044",centre,2,19,0.812500,0.125000,false,0.353553391,-0.923879533,-0.146446609
"FR2,L045",centre,2,20,0.854167,0.125000,false,0.303603179,-0.923879533,-0.232962913
"FR2,L046",centre,2,21,0.895833,0.125000,false,0.232962913,-0.923879533,-0.303603179
"FR2,L047",centre,2,22,0.937500,0.125000,false,0.146446609,-0.923879533,-0.353553391
"FR2,L048",centre,2,23,0.979167,0.125000,false,0.049950211,-0.923879533,-0.379409523
"FR3,L049",centre,3,0,0.020833,0.208333,false,-0.079459311,-0.793353340,-0.603553391
"FR3,L050",centre,3,1,0.062500,0.208333,false,-0.232962913,-0.793353340,-0.562422224
"FR3,L051",centre,3,2,0.104167,0.208333,false,-0.370590477,-0.793353340,-0.482962913
"FR3,L052",centre,3,3,0.145833,0.208333,false,-0.482962913,-0.793353340,-0.370590477
"FR3,L053",centre,3,4,0.187500,0.208333,false,-0.562422224,-0.793353340,-0.232962913
"FR3,L054",centre,3,5,0.229167,0.208333,false,-0.603553391,-0.793353340,-0.079459311
"FR3,L055",centre,3,6,0.270833,0.208333,false,-0.603553391,-0.793353340,0.079459311
"FR3,L056",centre,3,7,0.312500,0.208333,false,-0.562422224,-0.793353340,0.232962913
"FR3,L057",centre,3,8,0.354167,0.208333,false,-0.482962913,-0.793353340,0.370590477
"FR3,L058",centre,3,9,0.395833,0.208333,false,-0.370590477,-0.793353340,0.482962913
"FR3,L059",centre,3,10,0.437500,0.208333,false,-0.232962913,-0.793353340,0.562422224
"FR3,L060",centre,3,11,0.479167,0.208333,false,-0.079459311,-0.793353340,0.603553391
"FR3,L061",centre,3,12,0.520833,0.208333,false,0.079459311,-0.793353340,0.603553391
"FR3,L062",centre,3,13,0.562500,0.208333,false,0.232962913,-0.793353340,0.562422224
"FR3,L063",centre,3,14,0.604167,0.208333,false,0.370590477,-0.793353340,0.482962913
"FR3,L064",centre,3,15,0.645833,0.208333,false,0.482962913,-0.793353340,0.370590477
"FR3,L065",centre,3,16,0.687500,0.208333,false,0.562422224,-0.793353340,0.232962913
"FR3,L066",centre,3,17,0.729167,0.208333,false,0.603553391,-0.793353340,0.079459311
"FR3,L067",centre,3,18,0.770833,0.208333,false,0.603553391,-0.793353340,-0.079459311
"FR3,L068",centre,3,19,0.812500,0.208333,false,0.562422224,-0.793353340,-0.232962913
"FR3,L069",centre,3,20,0.854167,0.208333,false,0.482962913,-0.793353340,-0.370590477
"FR3,L070",centre,3,21,0.895833,0.208333,false,0.370590477,-0.793353340,-0.482962913
"FR3,L071",centre,3,22,0.937500,0.208333,false,0.232962913,-0.793353340,-0.562422224
"FR3,L072",centre,3,23,0.979167,0.208333,false,0.079459311,-0.793353340,-0.603553391
"FR4,L073",centre,4,0,0.020833,0.291667,false,-0.103553391,-0.608761429,-0.786566092
"FR4,L074",centre,4,1,0.062500,0.291667,false,-0.303603179,-0.608761429,-0.732962913
"FR4,L075",centre,4,2,0.104167,0.291667,false,-0.482962913,-0.608761429,-0.629409523
"FR4,L076",centre,4,3,0.145833,0.291667,false,-0.629409523,-0.608761429,-0.482962913
"FR4,L077",centre,4,4,0.187500,0.291667,false,-0.732962913,-0.608761429,-0.303603179
"FR4,L078",centre,4,5,0.229167,0.291667,false,-0.786566092,-0.608761429,-0.103553391
"FR4,L079",centre,4,6,0.270833,0.291667,false,-0.786566092,-0.608761429,0.103553391
"FR4,L080",centre,4,7,0.312500,0.291667,false,-0.732962913,-0.608761429,0.303603179
"FR4,L081",centre,4,8,0.354167,0.291667,false,-0.629409523,-0.608761429,0.482962913
"FR4,L082",centre,4,9,0.395833,0.291667,false,-0.482962913,-0.608761429,0.629409523
"FR4,L083",centre,4,10,0.437500,0.291667,false,-0.303603179,-0.608761429,0.732962913
"FR4,L084",centre,4,11,0.479167,0.291667,false,-0.103553391,-0.608761429,0.786566092
"FR4,L085",centre,4,12,0.520833,0.291667,false,0.103553391,-0.608761429,0.786566092
"FR4,L086",centre,4,13,0.562500,0.291667,false,0.303603179,-0.608761429,0.732962913
"FR4,L087",centre,4,14,0.604167,0.291667,false,0.482962913,-0.608761429,0.629409523
"FR4,L088",centre,4,15,0.645833,0.291667,false,0.629409523,-0.608761429,0.482962913
"FR4,L089",centre,4,16,0.687500,0.291667,false,0.732962913,-0.608761429,0.303603179
"FR4,L090",centre,4,17,0.729167,0.291667,false,0.786566092,-0.608761429,0.103553391
"FR4,L091",centre,4,18,0.770833,0.291667,false,0.786566092,-0.608761429,-0.103553391
"FR4,L092",centre,4,19,0.812500,0.291667,false,0.732962913,-0.608761429,-0.303603179
"FR4,L093",centre,4,20,0.854167,0.291667,false,0.629409523,-0.608761429,-0.482962913
"FR4,L094",centre,4,21,0.895833,0.291667,false,0.482962913,-0.608761429,-0.629409523
"FR4,L095",centre,4,22,0.937500,0.291667,false,0.303603179,-0.608761429,-0.732962913
"FR4,L096",centre,4,23,0.979167,0.291667,false,0.103553391,-0.608761429,-0.786566092
"FR5,L097",centre,5,0,0.020833,0.375000,false,-0.120590477,-0.382683432,-0.915975615
"FR5,L098",centre,5,1,0.062500,0.375000,false,-0.353553391,-0.382683432,-0.853553391
"FR5,L099",centre,5,2,0.104167,0.375000,false,-0.562422224,-0.382683432,-0.732962913
"FR5,L100",centre,5,3,0.145833,0.375000,false,-0.732962913,-0.382683432,-0.562422224
"FR5,L101",centre,5,4,0.187500,0.375000,false,-0.853553391,-0.382683432,-0.353553391
"FR5,L102",centre,5,5,0.229167,0.375000,false,-0.915975615,-0.382683432,-0.120590477
"FR5,L103",centre,5,6,0.270833,0.375000,false,-0.915975615,-0.382683432,0.120590477
"FR5,L104",centre,5,7,0.312500,0.375000,false,-0.853553391,-0.382683432,0.353553391
"FR5,L105",centre,5,8,0.354167,0.375000,false,-0.732962913,-0.382683432,0.562422224
"FR5,L106",centre,5,9,0.395833,0.375000,false,-0.562422224,-0.382683432,0.732962913
"FR5,L107",centre,5,10,0.437500,0.375000,false,-0.353553391,-0.382683432,0.853553391
"FR5,L108",centre,5,11,0.479167,0.375000,false,-0.120590477,-0.382683432,0.915975615
"FR5,L109",centre,5,12,0.520833,0.375000,false,0.120590477,-0.382683432,0.915975615
"FR5,L110",centre,5,13,0.562500,0.375000,false,0.353553391,-0.382683432,0.853553391
"FR5,L111",centre,5,14,0.604167,0.375000,false,0.562422224,-0.382683432,0.732962913
"FR5,L112",centre,5,15,0.645833,0.375000,false,0.732962913,-0.382683432,0.562422224
"FR5,L113",centre,5,16,0.687500,0.375000,false,0.853553391,-0.382683432,0.353553391
"FR5,L114",centre,5,17,0.729167,0.375000,false,0.915975615,-0.382683432,0.120590477
"FR5,L115",centre,5,18,0.770833,0.375000,false,0.915975615,-0.382683432,-0.120590477
"FR5,L116",centre,5,19,0.812500,0.375000,false,0.853553391,-0.382683432,-0.353553391
"FR5,L117",centre,5,20,0.854167,0.375000,false,0.732962913,-0.382683432,-0.562422224
"FR5,L118",centre,5,21,0.895833,0.375000,false,0.562422224,-0.382683432,-0.732962913
"FR5,L119",centre,5,22,0.937500,0.375000,false,0.353553391,-0.382683432,-0.853553391
"FR5,L120",centre,5,23,0.979167,0.375000,false,0.120590477,-0.382683432,-0.915975615
"FR6,L121",centre,6,0,0.020833,0.458333,false,-0.129409523,-0.130526192,-0.982962913
"FR6,L122",centre,6,1,0.062500,0.458333,false,-0.379409523,-0.130526192,-0.915975615
"FR6,L123",centre,6,2,0.104167,0.458333,false,-0.603553391,-0.130526192,-0.786566092
"FR6,L124",centre,6,3,0.145833,0.458333,false,-0.786566092,-0.130526192,-0.603553391
"FR6,L125",centre,6,4,0.187500,0.458333,false,-0.915975615,-0.130526192,-0.379409523
"FR6,L126",centre,6,5,0.229167,0.458333,false,-0.982962913,-0.130526192,-0.129409523
"FR6,L127",centre,6,6,0.270833,0.458333,false,-0.982962913,-0.130526192,0.129409523
"FR6,L128",centre,6,7,0.312500,0.458333,false,-0.915975615,-0.130526192,0.379409523
"FR6,L129",centre,6,8,0.354167,0.458333,false,-0.786566092,-0.130526192,0.603553391
"FR6,L130",centre,6,9,0.395833,0.458333,false,-0.603553391,-0.130526192,0.786566092
"FR6,L131",centre,6,10,0.437500,0.458333,false,-0.379409523,-0.130526192,0.915975615
"FR6,L132",centre,6,11,0.479167,0.458333,false,-0.129409523,-0.130526192,0.982962913
"FR6,L133",centre,6,12,0.520833,0.458333,false,0.129409523,-0.130526192,0.982962913
"FR6,L134",centre,6,13,0.562500,0.458333,false,0.379409523,-0.130526192,0.915975615
"FR6,L135",centre,6,14,0.604167,0.458333,false,0.603553391,-0.130526192,0.786566092
"FR6,L136",centre,6,15,0.645833,0.458333,false,0.786566092,-0.130526192,0.603553391
"FR6,L137",centre,6,16,0.687500,0.458333,false,0.915975615,-0.130526192,0.379409523
"FR6,L138",centre,6,17,0.729167,0.458333,false,0.982962913,-0.130526192,0.129409523
"FR6,L139",centre,6,18,0.770833,0.458333,false,0.982962913,-0.130526192,-0.129409523
"FR6,L140",centre,6,19,0.812500,0.458333,false,0.915975615,-0.130526192,-0.379409523
"FR6,L141",centre,6,20,0.854167,0.458333,false,0.786566092,-0.130526192,-0.603553391
"FR6,L142",centre,6,21,0.895833,0.458333,false,0.603553391,-0.130526192,-0.786566092
"FR6,L143",centre,6,22,0.937500,0.458333,false,0.379409523,-0.130526192,-0.915975615
"FR6,L144",centre,6,23,0.979167,0.458333,false,0.129409523,-0.130526192,-0.982962913
"FR7,L145",centre,7,0,0.020833,0.541667,false,-0.129409523,0.130526192,-0.982962913
"FR7,L146",centre,7,1,0.062500,0.541667,false,-0.379409523,0.130526192,-0.915975615
"FR7,L147",centre,7,2,0.104167,0.541667,false,-0.603553391,0.130526192,-0.786566092
"FR7,L148",centre,7,3,0.145833,0.541667,false,-0.786566092,0.130526192,-0.603553391
"FR7,L149",centre,7,4,0.187500,0.541667,false,-0.915975615,0.130526192,-0.379409523
"FR7,L150",centre,7,5,0.229167,0.541667,false,-0.982962913,0.130526192,-0.129409523
"FR7,L151",centre,7,6,0.270833,0.541667,false,-0.982962913,0.130526192,0.129409523
"FR7,L152",centre,7,7,0.312500,0.541667,false,-0.915975615,0.130526192,0.379409523
"FR7,L153",centre,7,8,0.354167,0.541667,false,-0.786566092,0.130526192,0.603553391
"FR7,L154",centre,7,9,0.395833,0.541667,false,-0.603553391,0.130526192,0.786566092
"FR7,L155",centre,7,10,0.437500,0.541667,false,-0.379409523,0.130526192,0.915975615
"FR7,L156",centre,7,11,0.479167,0.541667,false,-0.129409523,0.130526192,0.982962913
"FR7,L157",centre,7,12,0.520833,0.541667,false,0.129409523,0.130526192,0.982962913
"FR7,L158",centre,7,13,0.562500,0.541667,false,0.379409523,0.130526192,0.915975615
"FR7,L159",centre,7,14,0.604167,0.541667,false,0.603553391,0.130526192,0.786566092
"FR7,L160",centre,7,15,0.645833,0.541667,false,0.786566092,0.130526192,0.603553391
"FR7,L161",centre,7,16,0.687500,0.541667,false,0.915975615,0.130526192,0.379409523
"FR7,L162",centre,7,17,0.729167,0.541667,false,0.982962913,0.130526192,0.129409523
"FR7,L163",centre,7,18,0.770833,0.541667,false,0.982962913,0.130526192,-0.129409523
"FR7,L164",centre,7,19,0.812500,0.541667,false,0.915975615,0.130526192,-0.379409523
"FR7,L165",centre,7,20,0.854167,0.541667,false,0.786566092,0.130526192,-0.603553391
"FR7,L166",centre,7,21,0.895833,0.541667,false,0.603553391,0.130526192,-0.786566092
"FR7,L167",centre,7,22,0.937500,0.541667,false,0.379409523,0.130526192,-0.915975615
"FR7,L168",centre,7,23,0.979167,0.541667,false,0.129409523,0.130526192,-0.982962913
"FR8,L169",centre,8,0,0.020833,0.625000,false,-0.120590477,0.382683432,-0.915975615
"FR8,L170",centre,8,1,0.062500,0.625000,false,-0.353553391,0.382683432,-0.853553391
"FR8,L171",centre,8,2,0.104167,0.625000,false,-0.562422224,0.382683432,-0.732962913
"FR8,L172",centre,8,3,0.145833,0.625000,false,-0.732962913,0.382683432,-0.562422224
"FR8,L173",centre,8,4,0.187500,0.625000,false,-0.853553391,0.382683432,-0.353553391
"FR8,L174",centre,8,5,0.229167,0.625000,false,-0.915975615,0.382683432,-0.120590477
"FR8,L175",centre,8,6,0.270833,0.625000,false,-0.915975615,0.382683432,0.120590477
"FR8,L176",centre,8,7,0.312500,0.625000,false,-0.853553391,0.382683432,0.353553391
"FR8,L177",centre,8,8,0.354167,0.625000,false,-0.732962913,0.382683432,0.562422224
"FR8,L178",centre,8,9,0.395833,0.625000,false,-0.562422224,0.382683432,0.732962913
"FR8,L179",centre,8,10,0.437500,0.625000,false,-0.353553391,0.382683432,0.853553391
"FR8,L180",centre,8,11,0.479167,0.625000,false,-0.120590477,0.382683432,0.915975615
"FR8,L181",centre,8,12,0.520833,0.625000,false,0.120590477,0.382683432,0.915975615
"FR8,L182",centre,8,13,0.562500,0.625000,false,0.353553391,0.382683432,0.853553391
"FR8,L183",centre,8,14,0.604167,0.625000,false,0.562422224,0.382683432,0.732962913
"FR8,L184",centre,8,15,0.645833,0.625000,false,0.732962913,0.382683432,0.562422224
"FR8,L185",centre,8,16,0.687500,0.625000,false,0.853553391,0.382683432,0.353553391
"FR8,L186",centre,8,17,0.729167,0.625000,false,0.915975615,0.382683432,0.120590477
"FR8,L187",centre,8,18,0.770833,0.625000,false,0.915975615,0.382683432,-0.120590477
"FR8,L188",centre,8,19,0.812500,0.625000,false,0.853553391,0.382683432,-0.353553391
"FR8,L189",centre,8,20,0.854167,0.625000,false,0.732962913,0.382683432,-0.562422224
"FR8,L190",centre,8,21,0.895833,0.625000,false,0.562422224,0.382683432,-0.732962913
"FR8,L191",centre,8,22,0.937500,0.625000,false,0.353553391,0.382683432,-0.853553391
"FR8,L192",centre,8,23,0.979167,0.625000,false,0.120590477,0.382683432,-0.915975615
"FR9,L193",centre,9,0,0.020833,0.708333,false,-0.103553391,0.608761429,-0.786566092
"FR9,L194",centre,9,1,0.062500,0.708333,false,-0.303603179,0.608761429,-0.732962913
"FR9,L195",centre,9,2,0.104167,0.708333,false,-0.482962913,0.608761429,-0.629409523
"FR9,L196",centre,9,3,0.145833,0.708333,false,-0.629409523,0.608761429,-0.482962913
"FR9,L197",centre,9,4,0.187500,0.708333,false,-0.732962913,0.608761429,-0.303603179
"FR9,L198",centre,9,5,0.229167,0.708333,false,-0.786566092,0.608761429,-0.103553391
"FR9,L199",centre,9,6,0.270833,0.708333,false,-0.786566092,0.608761429,0.103553391
"FR9,L200",centre,9,7,0.312500,0.708333,false,-0.732962913,0.608761429,0.303603179
"FR9,L201",centre,9,8,0.354167,0.708333,false,-0.629409523,0.608761429,0.482962913
"FR9,L202",centre,9,9,0.395833,0.708333,false,-0.482962913,0.608761429,0.629409523
"FR9,L203",centre,9,10,0.437500,0.708333,false,-0.303603179,0.608761429,0.732962913
"FR9,L204",centre,9,11,0.479167,0.708333,false,-0.103553391,0.608761429,0.786566092
"FR9,L205",centre,9,12,0.520833,0.708333,false,0.103553391,0.608761429,0.786566092
"FR9,L206",centre,9,13,0.562500,0.708333,false,0.303603179,0.608761429,0.732962913
"FR9,L207",centre,9,14,0.604167,0.708333,false,0.482962913,0.608761429,0.629409523
"FR9,L208",centre,9,15,0.645833,0.708333,false,0.629409523,0.608761429,0.482962913
"FR9,L209",centre,9,16,0.687500,0.708333,false,0.732962913,0.608761429,0.303603179
"FR9,L210",centre,9,17,0.729167,0.708333,false,0.786566092,0.608761429,0.103553391
"FR9,L211",centre,9,18,0.770833,0.708333,false,0.786566092,0.608761429,-0.103553391
"FR9,L212",centre,9,19,0.812500,0.708333,false,0.732962913,0.608761429,-0.303603179
"FR9,L213",centre,9,20,0.854167,0.708333,false,0.629409523,0.608761429,-0.482962913
"FR9,L214",centre,9,21,0.895833,0.708333,false,0.482962913,0.608761429,-0.629409523
"FR9,L215",centre,9,22,0.937500,0.708333,false,0.303603179,0.608761429,-0.732962913
"FR9,L216",centre,9,23,0.979167,0.708333,false,0.103553391,0.608761429,-0.786566092
"FR10,L217",centre,10,0,0.020833,0.791667,false,-0.079459311,0.793353340,-0.603553391
"FR10,L218",centre,10,1,0.062500,0.791667,false,-0.232962913,0.793353340,-0.562422224
"FR10,L219",centre,10,2,0.104167,0.791667,false,-0.370590477,0.793353340,-0.482962913
"FR10,L220",centre,10,3,0.145833,0.791667,false,-0.482962913,0.793353340,-0.370590477
"FR10,L221",centre,10,4,0.187500,0.791667,false,-0.562422224,0.793353340,-0.232962913
"FR10,L222",centre,10,5,0.229167,0.791667,false,-0.603553391,0.793353340,-0.079459311
"FR10,L223",centre,10,6,0.270833,0.791667,false,-0.603553391,0.793353340,0.079459311
"FR10,L224",centre,10,7,0.312500,0.791667,false,-0.562422224,0.793353340,0.232962913
"FR10,L225",centre,10,8,0.354167,0.791667,false,-0.482962913,0.793353340,0.370590477
"FR10,L226",centre,10,9,0.395833,0.791667,false,-0.370590477,0.793353340,0.482962913
"FR10,L227",centre,10,10,0.437500,0.791667,false,-0.232962913,0.793353340,0.562422224
"FR10,L228",centre,10,11,0.479167,0.791667,false,-0.079459311,0.793353340,0.603553391
"FR10,L229",centre,10,12,0.520833,0.791667,false,0.079459311,0.793353340,0.603553391
"FR10,L230",centre,10,13,0.562500,0.791667,false,0.232962913,0.793353340,0.562422224
"FR10,L231",centre,10,14,0.604167,0.791667,false,0.370590477,0.793353340,0.482962913
"FR10,L232",centre,10,15,0.645833,0.791667,false,0.482962913,0.793353340,0.370590477
"FR10,L233",centre,10,16,0.687500,0.791667,false,0.562422224,0.793353340,0.232962913
"FR10,L234",centre,10,17,0.729167,0.791667,false,0.603553391,0.793353340,0.079459311
"FR10,L235",centre,10,18,0.770833,0.791667,false,0.603553391,0.793353340,-0.079459311
"FR10,L236",centre,10,19,0.812500,0.791667,false,0.562422224,0.793353340,-0.232962913
"FR10,L237",centre,10,20,0.854167,0.791667,false,0.482962913,0.793353340,-0.370590477
"FR10,L238",centre,10,21,0.895833,0.791667,false,0.370590477,0.793353340,-0.482962913
"FR10,L239",centre,10,22,0.937500,0.791667,false,0.232962913,0.793353340,-0.562422224
"FR10,L240",centre,10,23,0.979167,0.791667,false,0.079459311,0.793353340,-0.603553391
"FR11,L241",centre,11,0,0.020833,0.875000,false,-0.049950211,0.923879533,-0.379409523
"FR11,L242",centre,11,1,0.062500,0.875000,false,-0.146446609,0.923879533,-0.353553391
"FR11,L243",centre,11,2,0.104167,0.875000,false,-0.232962913,0.923879533,-0.303603179
"FR11,L244",centre,11,3,0.145833,0.875000,false,-0.303603179,0.923879533,-0.232962913
"FR11,L245",centre,11,4,0.187500,0.875000,false,-0.353553391,0.923879533,-0.146446609
"FR11,L246",centre,11,5,0.229167,0.875000,false,-0.379409523,0.923879533,-0.049950211
"FR11,L247",centre,11,6,0.270833,0.875000,false,-0.379409523,0.923879533,0.049950211
"FR11,L248",centre,11,7,0.312500,0.875000,false,-0.353553391,0.923879533,0.146446609
"FR11,L249",centre,11,8,0.354167,0.875000,false,-0.303603179,0.923879533,0.232962913
"FR11,L250",centre,11,9,0.395833,0.875000,false,-0.232962913,0.923879533,0.303603179
"FR11,L251",centre,11,10,0.437500,0.875000,false,-0.146446609,0.923879533,0.353553391
"FR11,L252",centre,11,11,0.479167,0.875000,false,-0.049950211,0.923879533,0.379409523
"FR11,L253",centre,11,12,0.520833,0.875000,false,0.049950211,0.923879533,0.379409523
"FR11,L254",centre,11,13,0.562500,0.875000,false,0.146446609,0.923879533,0.353553391
"FR11,L255",centre,11,14,0.604167,0.875000,false,0.232962913,0.923879533,0.303603179
"FR11,L256",centre,11,15,0.645833,0.875000,false,0.303603179,0.923879533,0.232962913
"FR11,L257",centre,11,16,0.687500,0.875000,false,0.353553391,0.923879533,0.146446609
"FR11,L258",centre,11,17,0.729167,0.875000,false,0.379409523,0.923879533,0.049950211
"FR11,L259",centre,11,18,0.770833,0.875000,false,0.379409523,0.923879533,-0.049950211
"FR11,L260",centre,11,19,0.812500,0.875000,false,0.353553391,0.923879533,-0.146446609
"FR11,L261",centre,11,20,0.854167,0.875000,false,0.303603179,0.923879533,-0.232962913
"FR11,L262",centre,11,21,0.895833,0.875000,false,0.232962913,0.923879533,-0.303603179
"FR11,L263",centre,11,22,0.937500,0.875000,false,0.146446609,0.923879533,-0.353553391
"FR11,L264",centre,11,23,0.979167,0.875000,false,0.049950211,0.923879533,-0.379409523
"FR12,L265",centre,12,0,0.020833,0.958333,false,-0.017037087,0.991444861,-0.129409523
"FR12,L266",centre,12,1,0.062500,0.958333,false,-0.049950211,0.991444861,-0.120590477
"FR12,L267",centre,12,2,0.104167,0.958333,false,-0.079459311,0.991444861,-0.103553391
"FR12,L268",centre,12,3,0.145833,0.958333,false,-0.103553391,0.991444861,-0.079459311
"FR12,L269",centre,12,4,0.187500,0.958333,false,-0.120590477,0.991444861,-0.049950211
"FR12,L270",centre,12,5,0.229167,0.958333,false,-0.129409523,0.991444861,-0.017037087
"FR12,L271",centre,12,6,0.270833,0.958333,false,-0.129409523,0.991444861,0.017037087
"FR12,L272",centre,12,7,0.312500,0.958333,false,-0.120590477,0.991444861,0.049950211
"FR12,L273",centre,12,8,0.354167,0.958333,false,-0.103553391,0.991444861,0.079459311
"FR12,L274",centre,12,9,0.395833,0.958333,false,-0.079459311,0.991444861,0.103553391
"FR12,L275",centre,12,10,0.437500,0.958333,false,-0.049950211,0.991444861,0.120590477
"FR12,L276",centre,12,11,0.479167,0.958333,false,-0.017037087,0.991444861,0.129409523
"FR12,L277",centre,12,12,0.520833,0.958333,false,0.017037087,0.991444861,0.129409523
"FR12,L278",centre,12,13,0.562500,0.958333,false,0.049950211,0.991444861,0.120590477
"FR12,L279",centre,12,14,0.604167,0.958333,false,0.079459311,0.991444861,0.103553391
"FR12,L280",centre,12,15,0.645833,0.958333,false,0.103553391,0.991444861,0.079459311
"FR12,L281",centre,12,16,0.687500,0.958333,false,0.120590477,0.991444861,0.049950211
"FR12,L282",centre,12,17,0.729167,0.958333,false,0.129409523,0.991444861,0.017037087
"FR12,L283",centre,12,18,0.770833,0.958333,false,0.129409523,0.991444861,-0.017037087
"FR12,L284",centre,12,19,0.812500,0.958333,false,0.120590477,0.991444861,-0.049950211
"FR12,L285",centre,12,20,0.854167,0.958333,false,0.103553391,0.991444861,-0.079459311
"FR12,L286",centre,12,21,0.895833,0.958333,false,0.079459311,0.991444861,-0.103553391
"FR12,L287",centre,12,22,0.937500,0.958333,false,0.049950211,0.991444861,-0.120590477
"FR12,L288",centre,12,23,0.979167,0.958333,false,0.017037087,0.991444861,-0.129409523
